case_id,A,B
001,AUTOMATIC_EXTRACTION,AUTOMATIC_EXTRACTION
002,AUTOMATIC_EXTRACTION,AUTOMATIC_EXTRACTION
003,AUTOMATIC_EXTRACTION,AUTOMATIC_EXTRACTION
004,AUTOMATIC_EXTRACTION,AUTOMATIC_EXTRACTION
005,AUTOMATIC_EXTRACTION,AUTOMATIC_EXTRACTION
006,AUTOMATIC_EXTRACTION,AUTOMATIC_EXTRACTION
007,AUTOMATIC_EXTRACTION,AUTOMATIC_EXTRACTION
008,AUTOMATIC_EXTRACTION,AUTOMATIC_EXTRACTION
009,AUTOMATIC_EXTRACTION,AUTOMATIC_EXTRACTION
010,AUTOMATIC_EXTRACTION,AUTOMATIC_EXTRACTION
011,AUTOMATIC_EXTRACTION,AUTOMATIC_EXTRACTION
012,AUTOMATIC_EXTRACTION,AUTOMATIC_EXTRACTION
013,AUTOMATIC_EXTRACTION,AUTOMATIC_EXTRACTION
014,AUTOMATIC_EXTRACTION,AUTOMATIC_EXTRACTION
015,AUTOMATIC_EXTRACTION,AUTOMATIC_EXTRACTION
016,AUTOMATIC_EXTRACTION,AUTOMATIC_EXTRACTION
017,AUTOMATIC_EXTRACTION,AUTOMATIC_EXTRACTION
018,AUTOMATIC_EXTRACTION,AUTOMATIC_EXTRACTION
019,AUTOMATIC_EXTRACTION,AUTOMATIC_EXTRACTION
020,AUTOMATIC_EXTRACTION,AUTOMATIC_EXTRACTION
021,AUTOMATIC_EXTRACTION,AUTOMATIC_EXTRACTION
022,AUTOMATIC_EXTRACTION,AUTOMATIC_EXTRACTION
023,AUTOMATIC_EXTRACTION,AUTOMATIC_EXTRACTION
024,AUTOMATIC_EXTRACTION,AUTOMATIC_EXTRACTION
025,AUTOMATIC_EXTRACTION,AUTOMATIC_EXTRACTION
026,AUTOMATIC_EXTRACTION,AUTOMATIC_EXTRACTION
027,AUTOMATIC_EXTRACTION,AUTOMATIC_EXTRACTION
028,AUTOMATIC_EXTRACTION,AUTOMATIC_EXTRACTION
029,EQUIVALENT,EQUIVALENT
030,EQUIVALENT,EQUIVALENT
031,AUTOMATIC_EXTRACTION,HUMAN_EXTRACTION
032,AUTOMATIC_EXTRACTION,HUMAN_EXTRACTION
033,AUTOMATIC_EXTRACTION,AUTOMATIC_EXTRACTION
034,AUTOMATIC_EXTRACTION,AUTOMATIC_EXTRACTION
035,EQUIVALENT,HUMAN_EXTRACTION
036,AUTOMATIC_EXTRACTION,AUTOMATIC_EXTRACTION
037,AUTOMATIC_EXTRACTION,AUTOMATIC_EXTRACTION
038,EQUIVALENT,HUMAN_EXTRACTION
039,EQUIVALENT,EQUIVALENT
040,HUMAN_EXTRACTION,HUMAN_EXTRACTION
041,EQUIVALENT,HUMAN_EXTRACTION
042,AUTOMATIC_EXTRACTION,AUTOMATIC_EXTRACTION
043,HUMAN_EXTRACTION,HUMAN_EXTRACTION
044,HUMAN_EXTRACTION,HUMAN_EXTRACTION
045,AUTOMATIC_EXTRACTION,AUTOMATIC_EXTRACTION
046,AUTOMATIC_EXTRACTION,AUTOMATIC_EXTRACTION
047,HUMAN_EXTRACTION,HUMAN_EXTRACTION
048,HUMAN_EXTRACTION,HUMAN_EXTRACTION
049,AUTOMATIC_EXTRACTION,AUTOMATIC_EXTRACTION
050,AUTOMATIC_EXTRACTION,AUTOMATIC_EXTRACTION
051,EQUIVALENT,HUMAN_EXTRACTION
052,EQUIVALENT,HUMAN_EXTRACTION
053,EQUIVALENT,HUMAN_EXTRACTION
054,EQUIVALENT,HUMAN_EXTRACTION
055,EQUIVALENT,HUMAN_EXTRACTION
056,EQUIVALENT,HUMAN_EXTRACTION
057,AUTOMATIC_EXTRACTION,AUTOMATIC_EXTRACTION
058,AUTOMATIC_EXTRACTION,AUTOMATIC_EXTRACTION
059,EQUIVALENT,HUMAN_EXTRACTION
060,EQUIVALENT,HUMAN_EXTRACTION
061,EQUIVALENT,HUMAN_EXTRACTION
062,EQUIVALENT,HUMAN_EXTRACTION
063,AUTOMATIC_EXTRACTION,AUTOMATIC_EXTRACTION
064,AUTOMATIC_EXTRACTION,AUTOMATIC_EXTRACTION
065,AUTOMATIC_EXTRACTION,AUTOMATIC_EXTRACTION
066,AUTOMATIC_EXTRACTION,AUTOMATIC_EXTRACTION
067,AUTOMATIC_EXTRACTION,AUTOMATIC_EXTRACTION
068,HUMAN_EXTRACTION,HUMAN_EXTRACTION
069,HUMAN_EXTRACTION,HUMAN_EXTRACTION
070,AUTOMATIC_EXTRACTION,AUTOMATIC_EXTRACTION
071,HUMAN_EXTRACTION,HUMAN_EXTRACTION
072,HUMAN_EXTRACTION,HUMAN_EXTRACTION
073,HUMAN_EXTRACTION,HUMAN_EXTRACTION
074,HUMAN_EXTRACTION,HUMAN_EXTRACTION
075,HUMAN_EXTRACTION,HUMAN_EXTRACTION
076,HUMAN_EXTRACTION,HUMAN_EXTRACTION
077,HUMAN_EXTRACTION,HUMAN_EXTRACTION
078,HUMAN_EXTRACTION,HUMAN_EXTRACTION
079,HUMAN_EXTRACTION,HUMAN_EXTRACTION
080,EQUIVALENT,HUMAN_EXTRACTION
081,HUMAN_EXTRACTION,HUMAN_EXTRACTION
082,AUTOMATIC_EXTRACTION,AUTOMATIC_EXTRACTION
083,AUTOMATIC_EXTRACTION,AUTOMATIC_EXTRACTION
084,AUTOMATIC_EXTRACTION,AUTOMATIC_EXTRACTION
085,HUMAN_EXTRACTION,HUMAN_EXTRACTION
086,AUTOMATIC_EXTRACTION,AUTOMATIC_EXTRACTION
087,AUTOMATIC_EXTRACTION,AUTOMATIC_EXTRACTION
088,HUMAN_EXTRACTION,HUMAN_EXTRACTION
089,AUTOMATIC_EXTRACTION,AUTOMATIC_EXTRACTION
090,EQUIVALENT,HUMAN_EXTRACTION
091,EQUIVALENT,HUMAN_EXTRACTION
092,EQUIVALENT,HUMAN_EXTRACTION
093,AUTOMATIC_EXTRACTION,AUTOMATIC_EXTRACTION
094,AUTOMATIC_EXTRACTION,AUTOMATIC_EXTRACTION
095,EQUIVALENT,AUTOMATIC_EXTRACTION
096,AUTOMATIC_EXTRACTION,AUTOMATIC_EXTRACTION
097,AUTOMATIC_EXTRACTION,AUTOMATIC_EXTRACTION
098,EQUIVALENT,AUTOMATIC_EXTRACTION
099,EQUIVALENT,AUTOMATIC_EXTRACTION
100,AUTOMATIC_EXTRACTION,AUTOMATIC_EXTRACTION
101,AUTOMATIC_EXTRACTION,AUTOMATIC_EXTRACTION
102,AUTOMATIC_EXTRACTION,AUTOMATIC_EXTRACTION
103,AUTOMATIC_EXTRACTION,AUTOMATIC_EXTRACTION
104,AUTOMATIC_EXTRACTION,AUTOMATIC_EXTRACTION
105,HUMAN_EXTRACTION,HUMAN_EXTRACTION
106,HUMAN_EXTRACTION,HUMAN_EXTRACTION
107,HUMAN_EXTRACTION,HUMAN_EXTRACTION
108,HUMAN_EXTRACTION,HUMAN_EXTRACTION
109,AUTOMATIC_EXTRACTION,AUTOMATIC_EXTRACTION
110,AUTOMATIC_EXTRACTION,AUTOMATIC_EXTRACTION
111,HUMAN_EXTRACTION,HUMAN_EXTRACTION
112,HUMAN_EXTRACTION,HUMAN_EXTRACTION
113,AUTOMATIC_EXTRACTION,AUTOMATIC_EXTRACTION
114,AUTOMATIC_EXTRACTION,AUTOMATIC_EXTRACTION
115,AUTOMATIC_EXTRACTION,AUTOMATIC_EXTRACTION
116,AUTOMATIC_EXTRACTION,AUTOMATIC_EXTRACTION
117,AUTOMATIC_EXTRACTION,AUTOMATIC_EXTRACTION
118,AUTOMATIC_EXTRACTION,AUTOMATIC_EXTRACTION
119,HUMAN_EXTRACTION,HUMAN_EXTRACTION
120,EQUIVALENT,EQUIVALENT
121,AUTOMATIC_EXTRACTION,AUTOMATIC_EXTRACTION
122,HUMAN_EXTRACTION,HUMAN_EXTRACTION
123,HUMAN_EXTRACTION,HUMAN_EXTRACTION
124,HUMAN_EXTRACTION,HUMAN_EXTRACTION
125,AUTOMATIC_EXTRACTION,AUTOMATIC_EXTRACTION
126,AUTOMATIC_EXTRACTION,AUTOMATIC_EXTRACTION
127,HUMAN_EXTRACTION,HUMAN_EXTRACTION
128,HUMAN_EXTRACTION,HUMAN_EXTRACTION
129,HUMAN_EXTRACTION,HUMAN_EXTRACTION
130,AUTOMATIC_EXTRACTION,AUTOMATIC_EXTRACTION
131,AUTOMATIC_EXTRACTION,AUTOMATIC_EXTRACTION
132,AUTOMATIC_EXTRACTION,AUTOMATIC_EXTRACTION
133,HUMAN_EXTRACTION,HUMAN_EXTRACTION
134,HUMAN_EXTRACTION,HUMAN_EXTRACTION
135,AUTOMATIC_EXTRACTION,AUTOMATIC_EXTRACTION
136,HUMAN_EXTRACTION,HUMAN_EXTRACTION
137,EQUIVALENT,HUMAN_EXTRACTION
138,EQUIVALENT,HUMAN_EXTRACTION
139,AUTOMATIC_EXTRACTION,AUTOMATIC_EXTRACTION
140,AUTOMATIC_EXTRACTION,AUTOMATIC_EXTRACTION
141,HUMAN_EXTRACTION,HUMAN_EXTRACTION
142,AUTOMATIC_EXTRACTION,AUTOMATIC_EXTRACTION
143,AUTOMATIC_EXTRACTION,AUTOMATIC_EXTRACTION
144,EQUIVALENT,EQUIVALENT
145,EQUIVALENT,EQUIVALENT
146,AUTOMATIC_EXTRACTION,AUTOMATIC_EXTRACTION
147,EQUIVALENT,EQUIVALENT
148,AUTOMATIC_EXTRACTION,AUTOMATIC_EXTRACTION
149,EQUIVALENT,EQUIVALENT
150,AUTOMATIC_EXTRACTION,AUTOMATIC_EXTRACTION
151,AUTOMATIC_EXTRACTION,AUTOMATIC_EXTRACTION
152,HUMAN_EXTRACTION,HUMAN_EXTRACTION
153,AUTOMATIC_EXTRACTION,AUTOMATIC_EXTRACTION
154,AUTOMATIC_EXTRACTION,AUTOMATIC_EXTRACTION
155,AUTOMATIC_EXTRACTION,AUTOMATIC_EXTRACTION
156,AUTOMATIC_EXTRACTION,AUTOMATIC_EXTRACTION
157,AUTOMATIC_EXTRACTION,AUTOMATIC_EXTRACTION
158,AUTOMATIC_EXTRACTION,AUTOMATIC_EXTRACTION
159,AUTOMATIC_EXTRACTION,AUTOMATIC_EXTRACTION
160,AUTOMATIC_EXTRACTION,AUTOMATIC_EXTRACTION
161,AUTOMATIC_EXTRACTION,HUMAN_EXTRACTION
162,AUTOMATIC_EXTRACTION,AUTOMATIC_EXTRACTION
163,AUTOMATIC_EXTRACTION,AUTOMATIC_EXTRACTION
164,AUTOMATIC_EXTRACTION,AUTOMATIC_EXTRACTION
165,AUTOMATIC_EXTRACTION,AUTOMATIC_EXTRACTION
166,AUTOMATIC_EXTRACTION,AUTOMATIC_EXTRACTION
167,AUTOMATIC_EXTRACTION,AUTOMATIC_EXTRACTION
168,AUTOMATIC_EXTRACTION,AUTOMATIC_EXTRACTION
169,AUTOMATIC_EXTRACTION,HUMAN_EXTRACTION
170,AUTOMATIC_EXTRACTION,AUTOMATIC_EXTRACTION
171,AUTOMATIC_EXTRACTION,AUTOMATIC_EXTRACTION
172,AUTOMATIC_EXTRACTION,AUTOMATIC_EXTRACTION
173,AUTOMATIC_EXTRACTION,AUTOMATIC_EXTRACTION
174,AUTOMATIC_EXTRACTION,AUTOMATIC_EXTRACTION
175,AUTOMATIC_EXTRACTION,AUTOMATIC_EXTRACTION
176,AUTOMATIC_EXTRACTION,AUTOMATIC_EXTRACTION
177,AUTOMATIC_EXTRACTION,AUTOMATIC_EXTRACTION
178,AUTOMATIC_EXTRACTION,AUTOMATIC_EXTRACTION
179,AUTOMATIC_EXTRACTION,AUTOMATIC_EXTRACTION
180,AUTOMATIC_EXTRACTION,AUTOMATIC_EXTRACTION
181,AUTOMATIC_EXTRACTION,AUTOMATIC_EXTRACTION
182,AUTOMATIC_EXTRACTION,AUTOMATIC_EXTRACTION
183,AUTOMATIC_EXTRACTION,AUTOMATIC_EXTRACTION
